"year","number_grandparents","pop_un","share_grandparents"
2022,1559725833.74024,7832079157,0.199145820984996
